<?xml version="1.0" encoding="UTF-8"?>
<!-- Copyright (c) 2009, Caliper Corporation, all rights reserved. -->
<TCProjectConfig version="1.2" modified="Sun Apr 30 09:20:34 2023" sort="Date" filter="" >
    <project name="Scenario" active="true" modified="Sun Apr 30 08:55:46 2023" description="Description for Scenario">
        <folder>
            <input path="D:\Caliper Github\TsmAPIsExamples\Python\network\"/>
            <output path="D:\Caliper Github\TsmAPIsExamples\Python\network\" />
            <logfile path="D:\Caliper Github\TsmAPIsExamples\Python\network\Output\Scenario\Logging\Log.xml" />
            <reportfile path="D:\Caliper Github\TsmAPIsExamples\Python\network\Output\Scenario\Logging\Report.xml" />
        </folder>
        <file>
            <MRU>
                <Table path="D:\Caliper Github\TsmAPIsExamples\Python\network\Sensors.bin" lastvisit="Sun Apr 30 08:55:46 2023" nvisits="1" />
            </MRU>
            <Project_Files>
                <Table path="D:\Caliper Github\TsmAPIsExamples\Python\network\Volumes.bin" lastvisit="" nvisits="" />
                <Others path="D:\Caliper Github\TsmAPIsExamples\Python\network\Signal Timing.tms" lastvisit="" nvisits="" />
            </Project_Files>
            <Custom_Category>
            </Custom_Category>
        </file>
    </project>
</TCProjectConfig>
