<?xml version="1.0" encoding="ISO-8859-1"?>
<?xml-stylesheet href="log.xsl" type="text/xsl"?>

<TCLog version="2" created="Wed Apr 12 14:51:45 2023">
<line indent="2" string="Wed Apr 12 15:09:08 -- Simulation started"/>
<line indent="2" string="Wed Apr 12 15:16:56 -- Simulation started"/>
<line indent="2" string="Wed Apr 12 15:17:25 -- Simulation started"/>
<line indent="2" string="Wed Apr 12 15:26:00 -- Simulation started"/>
<line indent="2" string="Wed Apr 12 15:26:39 -- Simulation started"/>
<line indent="2" string="Wed Apr 12 15:27:33 -- Simulation started"/>
<line indent="2" string="Wed Apr 12 15:28:17 -- Simulation started"/>
<line indent="2" string="Wed Apr 12 15:29:11 -- Simulation started"/>
<line indent="2" string="Wed Apr 12 15:29:40 -- Simulation started"/>
<line indent="2" string="Wed Apr 12 15:30:38 -- Simulation started"/>
<line indent="2" string="Wed Apr 12 15:31:40 -- Simulation started"/>
<line indent="2" string="Wed Apr 12 15:32:30 -- Simulation started"/>
<line indent="2" string="Wed Apr 12 15:33:46 -- Simulation started"/>
<line indent="2" string="Wed Apr 12 15:38:46 -- Simulation started"/>
<line indent="2" string="Wed Apr 12 15:39:18 -- Simulation started"/>
<line indent="2" string="Wed Apr 12 15:40:13 -- Simulation started"/>
<line indent="2" string="Wed Apr 12 15:41:27 -- Simulation started"/>
<line indent="2" string="Tue Apr 18 15:26:33 -- Simulation started"/>
<line indent="2" string="Tue Apr 18 15:28:03 -- Simulation started"/>
<line indent="2" string="Tue Apr 18 15:40:00 -- Simulation started"/>
<line indent="2" string="Tue Apr 18 15:42:27 -- Simulation started"/>
<line indent="2" string="Tue Apr 18 15:43:48 -- Simulation started"/>
<line indent="2" string="Tue Apr 18 22:18:56 -- Simulation started"/>
<line indent="2" string="Tue Apr 18 22:20:16 -- Simulation started"/>
<line indent="2" string="Tue Apr 18 23:49:07 -- Simulation started"/>
<line indent="2" string="Wed Apr 19 09:51:54 -- Simulation started"/>
<line indent="2" string="Sun Apr 30 09:02:23 -- Simulation started"/>
<line indent="2" string="Sun Apr 30 09:02:45 -- Simulation started"/>
</TCLog>
