<?xml version="1.0" encoding="ISO-8859-1"?>
<?xml-stylesheet href="report.xsl" type="text/xsl"?>

<TCLog version="2" created="Wed Apr 12 14:51:45 2023">
<line indent="2" string="Wed Apr 12 15:09:08 -- Simulation started"/>
<line indent="2" string="[Input Files]  Simulation project: D:\Caliper Github\TsmAPIsExamples\Python\network\Tower Rd and 56th Ave.smp"/>
<line indent="2" string="[Input Files]  Network database: D:\Caliper Github\TsmAPIsExamples\Python\network\Tower Rd and 56th Ave"/>
<line indent="2" string="[Input Files]  Signal plans: Signal Timing.tms"/>
<line indent="2" string="[Input Files]  Trip tables: Volumes.bin"/>
<line indent="2" string="[Input Files]  Link trip table: Output\Scenario\Scenario link trips.bin"/>
<line indent="2" string="[Input Files]  Turning movement table: Volumes.bin"/>
<line indent="2" string="[Running Time]  Run time for initialization: 0.1 seconds."/>
<line indent="2" string="[Random Number Generator]  Simulation is randomized. Random number generator picked seed 1681326548."/>
<line indent="2" string="[Random Number Generator]  Seed transformation enabled (changed to 1088808656)."/>
<line indent="2" string="[Threads]  Number of routing threads: 20"/>
<line indent="2" string="[Threads]  Threading model: Median"/>
<line indent="2" string="[Threads]  Number of simulation threads: 20"/>
<line indent="2" string="[Random Number Generator]  The first random number is 389092588."/>
<line indent="2" string="[Status]  125 trips generated from 4 link trip records for time period between 08:00:00-08:03:00."/>
<line indent="2" string="[Trips]  125 trips generated from D:\Caliper Github\TsmAPIsExamples\Python\network\Volumes.bin."/>
<line string="[Version] TransModeler Dev, Build 6500,  64-bit"/>
<line string="[Version] Software Build Date: April 12, 2023"/>
<line indent="2" string="[Running Time]  Run time for generating trips and paths: 0.5 seconds."/>
<line indent="2" string="[Running Time]  Time period simulated: 08:00:00 - 08:01:01."/>
<line indent="2" string="[Running Time]  Simulation ended at Wed Apr 12 15:09:38."/>
<line indent="2" string="[Running Time]  Run time for update of signal controllers: 41 completed in 0.003 seconds."/>
<line indent="2" string="[Running Time]  Average time factor: 2.12"/>
<line indent="2" string="Wed Apr 12 15:16:56 -- Simulation started"/>
<line indent="2" string="[Input Files]  Simulation project: D:\Caliper Github\TsmAPIsExamples\Python\network\Tower Rd and 56th Ave.smp"/>
<line indent="2" string="[Input Files]  Network database: D:\Caliper Github\TsmAPIsExamples\Python\network\Tower Rd and 56th Ave"/>
<line indent="2" string="[Input Files]  Signal plans: Signal Timing.tms"/>
<line indent="2" string="[Input Files]  Trip tables: Volumes.bin"/>
<line indent="2" string="[Input Files]  Link trip table: Output\Scenario\Scenario link trips.bin"/>
<line indent="2" string="[Input Files]  Turning movement table: Volumes.bin"/>
<line indent="2" string="[Running Time]  Run time for initialization: 0.1 seconds."/>
<line indent="2" string="[Random Number Generator]  Simulation is randomized. Random number generator picked seed 1681327016."/>
<line indent="2" string="[Random Number Generator]  Seed transformation enabled (changed to 1907410842)."/>
<line indent="2" string="[Threads]  Number of routing threads: 20"/>
<line indent="2" string="[Threads]  Threading model: Median"/>
<line indent="2" string="[Threads]  Number of simulation threads: 20"/>
<line indent="2" string="[Random Number Generator]  The first random number is 574325849."/>
<line indent="2" string="[Status]  125 trips generated from 4 link trip records for time period between 08:00:00-08:03:00."/>
<line indent="2" string="[Trips]  125 trips generated from D:\Caliper Github\TsmAPIsExamples\Python\network\Volumes.bin."/>
<line string="[Version] TransModeler Dev, Build 6500,  64-bit"/>
<line string="[Version] Software Build Date: April 12, 2023"/>
<line indent="2" string="[Running Time]  Run time for generating trips and paths: 0.5 seconds."/>
<line indent="2" string="[Running Time]  Run time for simulation: 11674.5 seconds."/>
<line indent="2" string="[Running Time]  Time period simulated: 08:00:00 - 08:03:00."/>
<line indent="2" string="[Running Time]  Simulation ended at Wed Apr 12 15:17:14."/>
<line indent="2" string="[Running Time]  Run time for update of signal controllers: 128 completed in 0.004 seconds."/>
<line indent="2" string="[Running Time]  Average time factor: 9.87"/>
<line indent="2" string="[Trips]  125 trips were created for simulation."/>
<line indent="2" string="[Trips]  39 trips were still en route when the simulation ended."/>
<line indent="2" string="[Trips]  86 trips were successfully completed."/>
<line indent="2" string="[Trips]  12 paths used for Turning Movement Tables."/>
<line indent="2" string="[Running Time]  Run time for post-processing: 0.0 seconds."/>
<line indent="2" string="Wed Apr 12 15:17:25 -- Simulation started"/>
<line indent="2" string="[Input Files]  Simulation project: D:\Caliper Github\TsmAPIsExamples\Python\network\Tower Rd and 56th Ave.smp"/>
<line indent="2" string="[Input Files]  Network database: D:\Caliper Github\TsmAPIsExamples\Python\network\Tower Rd and 56th Ave"/>
<line indent="2" string="[Input Files]  Signal plans: Signal Timing.tms"/>
<line indent="2" string="[Input Files]  Trip tables: Volumes.bin"/>
<line indent="2" string="[Input Files]  Link trip table: Output\Scenario\Scenario link trips.bin"/>
<line indent="2" string="[Input Files]  Turning movement table: Volumes.bin"/>
<line indent="2" string="[Running Time]  Run time for initialization: 0.1 seconds."/>
<line indent="2" string="[Random Number Generator]  Simulation is randomized. Random number generator picked seed 1681327045."/>
<line indent="2" string="[Random Number Generator]  Seed transformation enabled (changed to 4151998938)."/>
<line indent="2" string="[Threads]  Number of routing threads: 20"/>
<line indent="2" string="[Threads]  Threading model: Median"/>
<line indent="2" string="[Threads]  Number of simulation threads: 20"/>
<line indent="2" string="[Random Number Generator]  The first random number is 7643798."/>
<line indent="2" string="[Status]  125 trips generated from 4 link trip records for time period between 08:00:00-08:03:00."/>
<line indent="2" string="[Trips]  125 trips generated from D:\Caliper Github\TsmAPIsExamples\Python\network\Volumes.bin."/>
<line string="[Version] TransModeler Dev, Build 6500,  64-bit"/>
<line string="[Version] Software Build Date: April 12, 2023"/>
<line indent="2" string="[Running Time]  Run time for generating trips and paths: 0.5 seconds."/>
<line indent="2" string="[Running Time]  Run time for simulation: 90649.2 seconds."/>
<line indent="2" string="[Running Time]  Time period simulated: 08:00:00 - 08:03:00."/>
<line indent="2" string="[Running Time]  Simulation ended at Wed Apr 12 15:18:52."/>
<line indent="2" string="[Running Time]  Run time for update of signal controllers: 122 completed in 0.010 seconds."/>
<line indent="2" string="[Running Time]  Average time factor: 2.09"/>
<line indent="2" string="[Trips]  125 trips were created for simulation."/>
<line indent="2" string="[Trips]  42 trips were still en route when the simulation ended."/>
<line indent="2" string="[Trips]  83 trips were successfully completed."/>
<line indent="2" string="[Trips]  12 paths used for Turning Movement Tables."/>
<line indent="2" string="[Running Time]  Run time for post-processing: 0.0 seconds."/>
<line indent="2" string="Wed Apr 12 15:26:00 -- Simulation started"/>
<line indent="2" string="[Input Files]  Simulation project: D:\Caliper Github\TsmAPIsExamples\Python\network\Tower Rd and 56th Ave.smp"/>
<line indent="2" string="[Input Files]  Network database: D:\Caliper Github\TsmAPIsExamples\Python\network\Tower Rd and 56th Ave"/>
<line indent="2" string="[Input Files]  Signal plans: Signal Timing.tms"/>
<line indent="2" string="[Input Files]  Trip tables: Volumes.bin"/>
<line indent="2" string="[Input Files]  Link trip table: Output\Scenario\Scenario link trips.bin"/>
<line indent="2" string="[Input Files]  Turning movement table: Volumes.bin"/>
<line indent="2" string="[Running Time]  Run time for initialization: 0.1 seconds."/>
<line indent="2" string="[Random Number Generator]  Simulation is randomized. Random number generator picked seed 1681327560."/>
<line indent="2" string="[Random Number Generator]  Seed transformation enabled (changed to 1425261721)."/>
<line indent="2" string="[Threads]  Number of routing threads: 20"/>
<line indent="2" string="[Threads]  Threading model: Median"/>
<line indent="2" string="[Threads]  Number of simulation threads: 20"/>
<line indent="2" string="[Random Number Generator]  The first random number is 3886341179."/>
<line indent="2" string="[Status]  124 trips generated from 4 link trip records for time period between 08:00:00-08:03:00."/>
<line indent="2" string="[Trips]  124 trips generated from D:\Caliper Github\TsmAPIsExamples\Python\network\Volumes.bin."/>
<line string="[Version] TransModeler Dev, Build 6500,  64-bit"/>
<line string="[Version] Software Build Date: April 12, 2023"/>
<line indent="2" string="[Running Time]  Run time for generating trips and paths: 0.5 seconds."/>
<line indent="2" string="[Running Time]  Run time for simulation: 12317.4 seconds."/>
<line indent="2" string="[Running Time]  Time period simulated: 08:00:00 - 08:03:00."/>
<line indent="2" string="[Running Time]  Simulation ended at Wed Apr 12 15:26:19."/>
<line indent="2" string="[Running Time]  Run time for update of signal controllers: 122 completed in 0.005 seconds."/>
<line indent="2" string="[Running Time]  Average time factor: 9.60"/>
<line indent="2" string="[Trips]  124 trips were created for simulation."/>
<line indent="2" string="[Trips]  41 trips were still en route when the simulation ended."/>
<line indent="2" string="[Trips]  83 trips were successfully completed."/>
<line indent="2" string="[Trips]  12 paths used for Turning Movement Tables."/>
<line indent="2" string="[Running Time]  Run time for post-processing: 0.0 seconds."/>
<line indent="2" string="Wed Apr 12 15:26:39 -- Simulation started"/>
<line indent="2" string="[Input Files]  Simulation project: D:\Caliper Github\TsmAPIsExamples\Python\network\Tower Rd and 56th Ave.smp"/>
<line indent="2" string="[Input Files]  Network database: D:\Caliper Github\TsmAPIsExamples\Python\network\Tower Rd and 56th Ave"/>
<line indent="2" string="[Input Files]  Signal plans: Signal Timing.tms"/>
<line indent="2" string="[Input Files]  Trip tables: Volumes.bin"/>
<line indent="2" string="[Input Files]  Link trip table: Output\Scenario\Scenario link trips.bin"/>
<line indent="2" string="[Input Files]  Turning movement table: Volumes.bin"/>
<line indent="2" string="[Running Time]  Run time for initialization: 0.1 seconds."/>
<line indent="2" string="[Random Number Generator]  Simulation is randomized. Random number generator picked seed 1681327599."/>
<line indent="2" string="[Random Number Generator]  Seed transformation enabled (changed to 1006575641)."/>
<line indent="2" string="[Threads]  Number of routing threads: 20"/>
<line indent="2" string="[Threads]  Threading model: Median"/>
<line indent="2" string="[Threads]  Number of simulation threads: 20"/>
<line indent="2" string="[Random Number Generator]  The first random number is 1323961504."/>
<line indent="2" string="[Status]  124 trips generated from 4 link trip records for time period between 08:00:00-08:03:00."/>
<line indent="2" string="[Trips]  124 trips generated from D:\Caliper Github\TsmAPIsExamples\Python\network\Volumes.bin."/>
<line string="[Version] TransModeler Dev, Build 6500,  64-bit"/>
<line string="[Version] Software Build Date: April 12, 2023"/>
<line indent="2" string="[Running Time]  Run time for generating trips and paths: 0.5 seconds."/>
<line indent="2" string="[Running Time]  Run time for simulation: 10045.8 seconds."/>
<line indent="2" string="[Running Time]  Time period simulated: 08:00:00 - 08:03:00."/>
<line indent="2" string="[Running Time]  Simulation ended at Wed Apr 12 15:26:55."/>
<line indent="2" string="[Running Time]  Run time for update of signal controllers: 127 completed in 0.010 seconds."/>
<line indent="2" string="[Running Time]  Average time factor: 11.78"/>
<line indent="2" string="[Trips]  124 trips were created for simulation."/>
<line indent="2" string="[Trips]  38 trips were still en route when the simulation ended."/>
<line indent="2" string="[Trips]  86 trips were successfully completed."/>
<line indent="2" string="[Trips]  12 paths used for Turning Movement Tables."/>
<line indent="2" string="[Running Time]  Run time for post-processing: 0.0 seconds."/>
<line indent="2" string="Wed Apr 12 15:27:33 -- Simulation started"/>
<line indent="2" string="[Input Files]  Simulation project: D:\Caliper Github\TsmAPIsExamples\Python\network\Tower Rd and 56th Ave.smp"/>
<line indent="2" string="[Input Files]  Network database: D:\Caliper Github\TsmAPIsExamples\Python\network\Tower Rd and 56th Ave"/>
<line indent="2" string="[Input Files]  Signal plans: Signal Timing.tms"/>
<line indent="2" string="[Input Files]  Trip tables: Volumes.bin"/>
<line indent="2" string="[Input Files]  Link trip table: Output\Scenario\Scenario link trips.bin"/>
<line indent="2" string="[Input Files]  Turning movement table: Volumes.bin"/>
<line indent="2" string="[Running Time]  Run time for initialization: 0.1 seconds."/>
<line indent="2" string="[Random Number Generator]  Simulation is randomized. Random number generator picked seed 1681327653."/>
<line indent="2" string="[Random Number Generator]  Seed transformation enabled (changed to 309130859)."/>
<line indent="2" string="[Threads]  Number of routing threads: 20"/>
<line indent="2" string="[Threads]  Threading model: Median"/>
<line indent="2" string="[Threads]  Number of simulation threads: 20"/>
<line indent="2" string="[Random Number Generator]  The first random number is 1359549345."/>
<line indent="2" string="[Status]  124 trips generated from 4 link trip records for time period between 08:00:00-08:03:00."/>
<line indent="2" string="[Trips]  124 trips generated from D:\Caliper Github\TsmAPIsExamples\Python\network\Volumes.bin."/>
<line string="[Version] TransModeler Dev, Build 6500,  64-bit"/>
<line string="[Version] Software Build Date: April 12, 2023"/>
<line indent="2" string="[Running Time]  Run time for generating trips and paths: 0.5 seconds."/>
<line indent="2" string="[Running Time]  Run time for simulation: 10068.9 seconds."/>
<line indent="2" string="[Running Time]  Time period simulated: 08:00:00 - 08:03:00."/>
<line indent="2" string="[Running Time]  Simulation ended at Wed Apr 12 15:27:49."/>
<line indent="2" string="[Running Time]  Run time for update of signal controllers: 128 completed in 0.010 seconds."/>
<line indent="2" string="[Running Time]  Average time factor: 11.64"/>
<line indent="2" string="[Trips]  124 trips were created for simulation."/>
<line indent="2" string="[Trips]  38 trips were still en route when the simulation ended."/>
<line indent="2" string="[Trips]  86 trips were successfully completed."/>
<line indent="2" string="[Trips]  12 paths used for Turning Movement Tables."/>
<line indent="2" string="[Running Time]  Run time for post-processing: 0.0 seconds."/>
<line indent="2" string="Wed Apr 12 15:28:17 -- Simulation started"/>
<line indent="2" string="[Input Files]  Simulation project: D:\Caliper Github\TsmAPIsExamples\Python\network\Tower Rd and 56th Ave.smp"/>
<line indent="2" string="[Input Files]  Network database: D:\Caliper Github\TsmAPIsExamples\Python\network\Tower Rd and 56th Ave"/>
<line indent="2" string="[Input Files]  Signal plans: Signal Timing.tms"/>
<line indent="2" string="[Input Files]  Trip tables: Volumes.bin"/>
<line indent="2" string="[Input Files]  Link trip table: Output\Scenario\Scenario link trips.bin"/>
<line indent="2" string="[Input Files]  Turning movement table: Volumes.bin"/>
<line indent="2" string="[Running Time]  Run time for initialization: 0.1 seconds."/>
<line indent="2" string="[Random Number Generator]  Simulation is randomized. Random number generator picked seed 1681327697."/>
<line indent="2" string="[Random Number Generator]  Seed transformation enabled (changed to 3067109689)."/>
<line indent="2" string="[Threads]  Number of routing threads: 20"/>
<line indent="2" string="[Threads]  Threading model: Median"/>
<line indent="2" string="[Threads]  Number of simulation threads: 20"/>
<line indent="2" string="[Random Number Generator]  The first random number is 461768341."/>
<line indent="2" string="[Status]  124 trips generated from 4 link trip records for time period between 08:00:00-08:03:00."/>
<line indent="2" string="[Trips]  124 trips generated from D:\Caliper Github\TsmAPIsExamples\Python\network\Volumes.bin."/>
<line string="[Version] TransModeler Dev, Build 6500,  64-bit"/>
<line string="[Version] Software Build Date: April 12, 2023"/>
<line indent="2" string="[Running Time]  Run time for generating trips and paths: 0.5 seconds."/>
<line indent="2" string="[Running Time]  Run time for simulation: 9662.3 seconds."/>
<line indent="2" string="[Running Time]  Time period simulated: 08:00:00 - 08:03:00."/>
<line indent="2" string="[Running Time]  Simulation ended at Wed Apr 12 15:28:34."/>
<line indent="2" string="[Running Time]  Run time for update of signal controllers: 121 completed in 0.002 seconds."/>
<line indent="2" string="[Running Time]  Average time factor: 10.94"/>
<line indent="2" string="[Trips]  124 trips were created for simulation."/>
<line indent="2" string="[Trips]  42 trips were still en route when the simulation ended."/>
<line indent="2" string="[Trips]  82 trips were successfully completed."/>
<line indent="2" string="[Trips]  12 paths used for Turning Movement Tables."/>
<line indent="2" string="[Running Time]  Run time for post-processing: 0.0 seconds."/>
<line indent="2" string="Wed Apr 12 15:29:11 -- Simulation started"/>
<line indent="2" string="[Input Files]  Simulation project: D:\Caliper Github\TsmAPIsExamples\Python\network\Tower Rd and 56th Ave.smp"/>
<line indent="2" string="[Input Files]  Network database: D:\Caliper Github\TsmAPIsExamples\Python\network\Tower Rd and 56th Ave"/>
<line indent="2" string="[Input Files]  Signal plans: Signal Timing.tms"/>
<line indent="2" string="[Input Files]  Trip tables: Volumes.bin"/>
<line indent="2" string="[Input Files]  Link trip table: Output\Scenario\Scenario link trips.bin"/>
<line indent="2" string="[Input Files]  Turning movement table: Volumes.bin"/>
<line indent="2" string="[Running Time]  Run time for initialization: 0.1 seconds."/>
<line indent="2" string="[Random Number Generator]  Simulation is randomized. Random number generator picked seed 1681327752."/>
<line indent="2" string="[Random Number Generator]  Seed transformation enabled (changed to 3954427606)."/>
<line indent="2" string="[Threads]  Number of routing threads: 20"/>
<line indent="2" string="[Threads]  Threading model: Median"/>
<line indent="2" string="[Threads]  Number of simulation threads: 20"/>
<line indent="2" string="[Random Number Generator]  The first random number is 1510169652."/>
<line indent="2" string="[Status]  124 trips generated from 4 link trip records for time period between 08:00:00-08:03:00."/>
<line indent="2" string="[Trips]  124 trips generated from D:\Caliper Github\TsmAPIsExamples\Python\network\Volumes.bin."/>
<line string="[Version] TransModeler Dev, Build 6500,  64-bit"/>
<line string="[Version] Software Build Date: April 12, 2023"/>
<line indent="2" string="[Running Time]  Run time for generating trips and paths: 0.5 seconds."/>
<line indent="2" string="[Running Time]  Run time for simulation: 10126.6 seconds."/>
<line indent="2" string="[Running Time]  Time period simulated: 08:00:00 - 08:03:00."/>
<line indent="2" string="[Running Time]  Simulation ended at Wed Apr 12 15:29:27."/>
<line indent="2" string="[Running Time]  Run time for update of signal controllers: 119 completed in 0.011 seconds."/>
<line indent="2" string="[Running Time]  Average time factor: 11.73"/>
<line indent="2" string="[Trips]  124 trips were created for simulation."/>
<line indent="2" string="[Trips]  42 trips were still en route when the simulation ended."/>
<line indent="2" string="[Trips]  82 trips were successfully completed."/>
<line indent="2" string="[Trips]  12 paths used for Turning Movement Tables."/>
<line indent="2" string="[Running Time]  Run time for post-processing: 0.0 seconds."/>
<line indent="2" string="Wed Apr 12 15:29:40 -- Simulation started"/>
<line indent="2" string="[Input Files]  Simulation project: D:\Caliper Github\TsmAPIsExamples\Python\network\Tower Rd and 56th Ave.smp"/>
<line indent="2" string="[Input Files]  Network database: D:\Caliper Github\TsmAPIsExamples\Python\network\Tower Rd and 56th Ave"/>
<line indent="2" string="[Input Files]  Signal plans: Signal Timing.tms"/>
<line indent="2" string="[Input Files]  Trip tables: Volumes.bin"/>
<line indent="2" string="[Input Files]  Link trip table: Output\Scenario\Scenario link trips.bin"/>
<line indent="2" string="[Input Files]  Turning movement table: Volumes.bin"/>
<line indent="2" string="[Running Time]  Run time for initialization: 0.1 seconds."/>
<line indent="2" string="[Random Number Generator]  Simulation is randomized. Random number generator picked seed 1681327781."/>
<line indent="2" string="[Random Number Generator]  Seed transformation enabled (changed to 697664561)."/>
<line indent="2" string="[Threads]  Number of routing threads: 20"/>
<line indent="2" string="[Threads]  Threading model: Median"/>
<line indent="2" string="[Threads]  Number of simulation threads: 20"/>
<line indent="2" string="[Random Number Generator]  The first random number is 4067356398."/>
<line indent="2" string="[Status]  124 trips generated from 4 link trip records for time period between 08:00:00-08:03:00."/>
<line indent="2" string="[Trips]  124 trips generated from D:\Caliper Github\TsmAPIsExamples\Python\network\Volumes.bin."/>
<line string="[Version] TransModeler Dev, Build 6500,  64-bit"/>
<line string="[Version] Software Build Date: April 12, 2023"/>
<line indent="2" string="[Running Time]  Run time for generating trips and paths: 0.5 seconds."/>
<line indent="2" string="[Running Time]  Run time for simulation: 13689.3 seconds."/>
<line indent="2" string="[Running Time]  Time period simulated: 08:00:00 - 08:03:00."/>
<line indent="2" string="[Running Time]  Simulation ended at Wed Apr 12 15:30:02."/>
<line indent="2" string="[Running Time]  Run time for update of signal controllers: 123 completed in 0.004 seconds."/>
<line indent="2" string="[Running Time]  Average time factor: 8.70"/>
<line indent="2" string="[Trips]  124 trips were created for simulation."/>
<line indent="2" string="[Trips]  43 trips were still en route when the simulation ended."/>
<line indent="2" string="[Trips]  81 trips were successfully completed."/>
<line indent="2" string="[Trips]  12 paths used for Turning Movement Tables."/>
<line indent="2" string="[Running Time]  Run time for post-processing: 0.0 seconds."/>
<line indent="2" string="Wed Apr 12 15:30:38 -- Simulation started"/>
<line indent="2" string="[Input Files]  Simulation project: D:\Caliper Github\TsmAPIsExamples\Python\network\Tower Rd and 56th Ave.smp"/>
<line indent="2" string="[Input Files]  Network database: D:\Caliper Github\TsmAPIsExamples\Python\network\Tower Rd and 56th Ave"/>
<line indent="2" string="[Input Files]  Signal plans: Signal Timing.tms"/>
<line indent="2" string="[Input Files]  Trip tables: Volumes.bin"/>
<line indent="2" string="[Input Files]  Link trip table: Output\Scenario\Scenario link trips.bin"/>
<line indent="2" string="[Input Files]  Turning movement table: Volumes.bin"/>
<line indent="2" string="[Running Time]  Run time for initialization: 0.1 seconds."/>
<line indent="2" string="[Random Number Generator]  Simulation is randomized. Random number generator picked seed 1681327838."/>
<line indent="2" string="[Random Number Generator]  Seed transformation enabled (changed to 505221092)."/>
<line indent="2" string="[Threads]  Number of routing threads: 20"/>
<line indent="2" string="[Threads]  Threading model: Median"/>
<line indent="2" string="[Threads]  Number of simulation threads: 20"/>
<line indent="2" string="[Random Number Generator]  The first random number is 2778301257."/>
<line indent="2" string="[Status]  209 trips generated from 4 link trip records for time period between 08:00:00-08:05:00."/>
<line indent="2" string="[Trips]  209 trips generated from D:\Caliper Github\TsmAPIsExamples\Python\network\Volumes.bin."/>
<line string="[Version] TransModeler Dev, Build 6500,  64-bit"/>
<line string="[Version] Software Build Date: April 12, 2023"/>
<line indent="2" string="[Running Time]  Run time for generating trips and paths: 0.5 seconds."/>
<line indent="2" string="[Running Time]  Run time for simulation: 39823.4 seconds."/>
<line indent="2" string="[Running Time]  Time period simulated: 08:00:00 - 08:05:00."/>
<line indent="2" string="[Running Time]  Simulation ended at Wed Apr 12 15:31:09."/>
<line indent="2" string="[Running Time]  Run time for update of signal controllers: 213 completed in 0.012 seconds."/>
<line indent="2" string="[Running Time]  Average time factor: 9.92"/>
<line indent="2" string="[Trips]  209 trips were created for simulation."/>
<line indent="2" string="[Trips]  42 trips were still en route when the simulation ended."/>
<line indent="2" string="[Trips]  167 trips were successfully completed."/>
<line indent="2" string="[Trips]  12 paths used for Turning Movement Tables."/>
<line indent="2" string="[Running Time]  Run time for post-processing: 0.0 seconds."/>
<line indent="2" string="Wed Apr 12 15:31:40 -- Simulation started"/>
<line indent="2" string="[Input Files]  Simulation project: D:\Caliper Github\TsmAPIsExamples\Python\network\Tower Rd and 56th Ave.smp"/>
<line indent="2" string="[Input Files]  Network database: D:\Caliper Github\TsmAPIsExamples\Python\network\Tower Rd and 56th Ave"/>
<line indent="2" string="[Input Files]  Signal plans: Signal Timing.tms"/>
<line indent="2" string="[Input Files]  Trip tables: Volumes.bin"/>
<line indent="2" string="[Input Files]  Link trip table: Output\Scenario\Scenario link trips.bin"/>
<line indent="2" string="[Input Files]  Turning movement table: Volumes.bin"/>
<line indent="2" string="[Running Time]  Run time for initialization: 0.1 seconds."/>
<line indent="2" string="[Random Number Generator]  Simulation is randomized. Random number generator picked seed 1681327900."/>
<line indent="2" string="[Random Number Generator]  Seed transformation enabled (changed to 1688256979)."/>
<line indent="2" string="[Threads]  Number of routing threads: 20"/>
<line indent="2" string="[Threads]  Threading model: Median"/>
<line indent="2" string="[Threads]  Number of simulation threads: 20"/>
<line indent="2" string="[Random Number Generator]  The first random number is 3515648079."/>
<line indent="2" string="[Status]  207 trips generated from 4 link trip records for time period between 08:00:00-08:05:00."/>
<line indent="2" string="[Trips]  207 trips generated from D:\Caliper Github\TsmAPIsExamples\Python\network\Volumes.bin."/>
<line string="[Version] TransModeler Dev, Build 6500,  64-bit"/>
<line string="[Version] Software Build Date: April 12, 2023"/>
<line indent="2" string="[Running Time]  Run time for generating trips and paths: 0.5 seconds."/>
<line indent="2" string="[Running Time]  Run time for simulation: 23537.3 seconds."/>
<line indent="2" string="[Running Time]  Time period simulated: 08:00:00 - 08:05:00."/>
<line indent="2" string="[Running Time]  Simulation ended at Wed Apr 12 15:31:59."/>
<line indent="2" string="[Running Time]  Run time for update of signal controllers: 218 completed in 0.014 seconds."/>
<line indent="2" string="[Running Time]  Average time factor: 16.41"/>
<line indent="2" string="[Trips]  207 trips were created for simulation."/>
<line indent="2" string="[Trips]  42 trips were still en route when the simulation ended."/>
<line indent="2" string="[Trips]  165 trips were successfully completed."/>
<line indent="2" string="[Trips]  12 paths used for Turning Movement Tables."/>
<line indent="2" string="[Running Time]  Run time for post-processing: 0.0 seconds."/>
<line indent="2" string="Wed Apr 12 15:32:30 -- Simulation started"/>
<line indent="2" string="[Input Files]  Simulation project: D:\Caliper Github\TsmAPIsExamples\Python\network\Tower Rd and 56th Ave.smp"/>
<line indent="2" string="[Input Files]  Network database: D:\Caliper Github\TsmAPIsExamples\Python\network\Tower Rd and 56th Ave"/>
<line indent="2" string="[Input Files]  Signal plans: Signal Timing.tms"/>
<line indent="2" string="[Input Files]  Trip tables: Volumes.bin"/>
<line indent="2" string="[Input Files]  Link trip table: Output\Scenario\Scenario link trips.bin"/>
<line indent="2" string="[Input Files]  Turning movement table: Volumes.bin"/>
<line indent="2" string="[Running Time]  Run time for initialization: 0.1 seconds."/>
<line indent="2" string="[Random Number Generator]  Simulation is randomized. Random number generator picked seed 1681327950."/>
<line indent="2" string="[Random Number Generator]  Seed transformation enabled (changed to 143901765)."/>
<line indent="2" string="[Threads]  Number of routing threads: 20"/>
<line indent="2" string="[Threads]  Threading model: Median"/>
<line indent="2" string="[Threads]  Number of simulation threads: 20"/>
<line indent="2" string="[Random Number Generator]  The first random number is 3309871267."/>
<line indent="2" string="[Status]  206 trips generated from 4 link trip records for time period between 08:00:00-08:05:00."/>
<line indent="2" string="[Trips]  206 trips generated from D:\Caliper Github\TsmAPIsExamples\Python\network\Volumes.bin."/>
<line string="[Version] TransModeler Dev, Build 6500,  64-bit"/>
<line string="[Version] Software Build Date: April 12, 2023"/>
<line indent="2" string="[Running Time]  Run time for generating trips and paths: 0.5 seconds."/>
<line indent="2" string="[Running Time]  Run time for simulation: 23717.8 seconds."/>
<line indent="2" string="[Running Time]  Time period simulated: 08:00:00 - 08:05:00."/>
<line indent="2" string="[Running Time]  Simulation ended at Wed Apr 12 15:32:49."/>
<line indent="2" string="[Running Time]  Run time for update of signal controllers: 205 completed in 0.008 seconds."/>
<line indent="2" string="[Running Time]  Average time factor: 16.28"/>
<line indent="2" string="[Trips]  206 trips were created for simulation."/>
<line indent="2" string="[Trips]  26 trips were still en route when the simulation ended."/>
<line indent="2" string="[Trips]  180 trips were successfully completed."/>
<line indent="2" string="[Trips]  12 paths used for Turning Movement Tables."/>
<line indent="2" string="[Running Time]  Run time for post-processing: 0.0 seconds."/>
<line indent="2" string="Wed Apr 12 15:33:46 -- Simulation started"/>
<line indent="2" string="[Input Files]  Simulation project: D:\Caliper Github\TsmAPIsExamples\Python\network\Tower Rd and 56th Ave.smp"/>
<line indent="2" string="[Input Files]  Network database: D:\Caliper Github\TsmAPIsExamples\Python\network\Tower Rd and 56th Ave"/>
<line indent="2" string="[Input Files]  Signal plans: Signal Timing.tms"/>
<line indent="2" string="[Input Files]  Trip tables: Volumes.bin"/>
<line indent="2" string="[Input Files]  Link trip table: Output\Scenario\Scenario link trips.bin"/>
<line indent="2" string="[Input Files]  Turning movement table: Volumes.bin"/>
<line indent="2" string="[Running Time]  Run time for initialization: 0.1 seconds."/>
<line indent="2" string="[Random Number Generator]  Simulation is randomized. Random number generator picked seed 1681328026."/>
<line indent="2" string="[Random Number Generator]  Seed transformation enabled (changed to 1621951000)."/>
<line indent="2" string="[Threads]  Number of routing threads: 20"/>
<line indent="2" string="[Threads]  Threading model: Median"/>
<line indent="2" string="[Threads]  Number of simulation threads: 20"/>
<line indent="2" string="[Random Number Generator]  The first random number is 1172420073."/>
<line indent="2" string="[Status]  207 trips generated from 4 link trip records for time period between 08:00:00-08:05:00."/>
<line indent="2" string="[Trips]  207 trips generated from D:\Caliper Github\TsmAPIsExamples\Python\network\Volumes.bin."/>
<line string="[Version] TransModeler Dev, Build 6500,  64-bit"/>
<line string="[Version] Software Build Date: April 12, 2023"/>
<line indent="2" string="[Running Time]  Run time for generating trips and paths: 0.5 seconds."/>
<line indent="2" string="[Running Time]  Run time for simulation: 74230.4 seconds."/>
<line indent="2" string="[Running Time]  Time period simulated: 08:00:00 - 08:05:00."/>
<line indent="2" string="[Running Time]  Simulation ended at Wed Apr 12 15:34:34."/>
<line indent="2" string="[Running Time]  Run time for update of signal controllers: 211 completed in 0.010 seconds."/>
<line indent="2" string="[Running Time]  Average time factor: 6.26"/>
<line indent="2" string="[Trips]  207 trips were created for simulation."/>
<line indent="2" string="[Trips]  39 trips were still en route when the simulation ended."/>
<line indent="2" string="[Trips]  168 trips were successfully completed."/>
<line indent="2" string="[Trips]  12 paths used for Turning Movement Tables."/>
<line indent="2" string="[Running Time]  Run time for post-processing: 0.0 seconds."/>
<line indent="2" string="Wed Apr 12 15:38:46 -- Simulation started"/>
<line indent="2" string="[Input Files]  Simulation project: D:\Caliper Github\TsmAPIsExamples\Python\network\Tower Rd and 56th Ave.smp"/>
<line indent="2" string="[Input Files]  Network database: D:\Caliper Github\TsmAPIsExamples\Python\network\Tower Rd and 56th Ave"/>
<line indent="2" string="[Input Files]  Signal plans: Signal Timing.tms"/>
<line indent="2" string="[Input Files]  Trip tables: Volumes.bin"/>
<line indent="2" string="[Input Files]  Link trip table: Output\Scenario\Scenario link trips.bin"/>
<line indent="2" string="[Input Files]  Turning movement table: Volumes.bin"/>
<line indent="2" string="[Running Time]  Run time for initialization: 0.1 seconds."/>
<line indent="2" string="[Random Number Generator]  Simulation is randomized. Random number generator picked seed 1681328326."/>
<line indent="2" string="[Random Number Generator]  Seed transformation enabled (changed to 3922338185)."/>
<line indent="2" string="[Threads]  Number of routing threads: 20"/>
<line indent="2" string="[Threads]  Threading model: Median"/>
<line indent="2" string="[Threads]  Number of simulation threads: 20"/>
<line indent="2" string="[Random Number Generator]  The first random number is 802011402."/>
<line indent="2" string="[Status]  207 trips generated from 4 link trip records for time period between 08:00:00-08:05:00."/>
<line indent="2" string="[Trips]  207 trips generated from D:\Caliper Github\TsmAPIsExamples\Python\network\Volumes.bin."/>
<line string="[Version] TransModeler Dev, Build 6500,  64-bit"/>
<line string="[Version] Software Build Date: April 12, 2023"/>
<line indent="2" string="[Running Time]  Run time for generating trips and paths: 0.5 seconds."/>
<line indent="2" string="[Running Time]  Run time for simulation: 8455.6 seconds."/>
<line indent="2" string="[Running Time]  Time period simulated: 08:00:00 - 08:05:00."/>
<line indent="2" string="[Running Time]  Simulation ended at Wed Apr 12 15:38:53."/>
<line indent="2" string="[Running Time]  Run time for update of signal controllers: 254 completed in 0.006 seconds."/>
<line indent="2" string="[Running Time]  Average time factor: 52.95"/>
<line indent="2" string="[Trips]  207 trips were created for simulation."/>
<line indent="2" string="[Trips]  45 trips were still en route when the simulation ended."/>
<line indent="2" string="[Trips]  162 trips were successfully completed."/>
<line indent="2" string="[Trips]  12 paths used for Turning Movement Tables."/>
<line indent="2" string="[Running Time]  Run time for post-processing: 0.0 seconds."/>
<line indent="2" string="Wed Apr 12 15:39:18 -- Simulation started"/>
<line indent="2" string="[Input Files]  Simulation project: D:\Caliper Github\TsmAPIsExamples\Python\network\Tower Rd and 56th Ave.smp"/>
<line indent="2" string="[Input Files]  Network database: D:\Caliper Github\TsmAPIsExamples\Python\network\Tower Rd and 56th Ave"/>
<line indent="2" string="[Input Files]  Signal plans: Signal Timing.tms"/>
<line indent="2" string="[Input Files]  Trip tables: Volumes.bin"/>
<line indent="2" string="[Input Files]  Link trip table: Output\Scenario\Scenario link trips.bin"/>
<line indent="2" string="[Input Files]  Turning movement table: Volumes.bin"/>
<line indent="2" string="[Running Time]  Run time for initialization: 0.1 seconds."/>
<line indent="2" string="[Random Number Generator]  Simulation is randomized. Random number generator picked seed 1681328358."/>
<line indent="2" string="[Random Number Generator]  Seed transformation enabled (changed to 3178851467)."/>
<line indent="2" string="[Threads]  Number of routing threads: 20"/>
<line indent="2" string="[Threads]  Threading model: Median"/>
<line indent="2" string="[Threads]  Number of simulation threads: 20"/>
<line indent="2" string="[Random Number Generator]  The first random number is 421953215."/>
<line indent="2" string="[Status]  207 trips generated from 4 link trip records for time period between 08:00:00-08:05:00."/>
<line indent="2" string="[Trips]  207 trips generated from D:\Caliper Github\TsmAPIsExamples\Python\network\Volumes.bin."/>
<line string="[Version] TransModeler Dev, Build 6500,  64-bit"/>
<line string="[Version] Software Build Date: April 12, 2023"/>
<line indent="2" string="[Running Time]  Run time for generating trips and paths: 0.6 seconds."/>
<line indent="2" string="[Running Time]  Run time for simulation: 8995.0 seconds."/>
<line indent="2" string="[Running Time]  Time period simulated: 08:00:00 - 08:05:00."/>
<line indent="2" string="[Running Time]  Simulation ended at Wed Apr 12 15:39:25."/>
<line indent="2" string="[Running Time]  Run time for update of signal controllers: 199 completed in 0.010 seconds."/>
<line indent="2" string="[Running Time]  Average time factor: 49.64"/>
<line indent="2" string="[Trips]  207 trips were created for simulation."/>
<line indent="2" string="[Trips]  30 trips were still en route when the simulation ended."/>
<line indent="2" string="[Trips]  177 trips were successfully completed."/>
<line indent="2" string="[Trips]  12 paths used for Turning Movement Tables."/>
<line indent="2" string="[Running Time]  Run time for post-processing: 0.0 seconds."/>
<line indent="2" string="Wed Apr 12 15:40:13 -- Simulation started"/>
<line indent="2" string="[Input Files]  Simulation project: D:\Caliper Github\TsmAPIsExamples\Python\network\Tower Rd and 56th Ave.smp"/>
<line indent="2" string="[Input Files]  Network database: D:\Caliper Github\TsmAPIsExamples\Python\network\Tower Rd and 56th Ave"/>
<line indent="2" string="[Input Files]  Signal plans: Signal Timing.tms"/>
<line indent="2" string="[Input Files]  Trip tables: Volumes.bin"/>
<line indent="2" string="[Input Files]  Link trip table: Output\Scenario\Scenario link trips.bin"/>
<line indent="2" string="[Input Files]  Turning movement table: Volumes.bin"/>
<line indent="2" string="[Running Time]  Run time for initialization: 0.1 seconds."/>
<line indent="2" string="[Random Number Generator]  Simulation is randomized. Random number generator picked seed 1681328413."/>
<line indent="2" string="[Random Number Generator]  Seed transformation enabled (changed to 3883250528)."/>
<line indent="2" string="[Threads]  Number of routing threads: 20"/>
<line indent="2" string="[Threads]  Threading model: Median"/>
<line indent="2" string="[Threads]  Number of simulation threads: 20"/>
<line indent="2" string="[Random Number Generator]  The first random number is 3025915688."/>
<line indent="2" string="[Status]  207 trips generated from 4 link trip records for time period between 08:00:00-08:05:00."/>
<line indent="2" string="[Trips]  207 trips generated from D:\Caliper Github\TsmAPIsExamples\Python\network\Volumes.bin."/>
<line string="[Version] TransModeler Dev, Build 6500,  64-bit"/>
<line string="[Version] Software Build Date: April 12, 2023"/>
<line indent="2" string="[Running Time]  Run time for generating trips and paths: 0.5 seconds."/>
<line indent="2" string="[Running Time]  Run time for simulation: 123907.9 seconds."/>
<line indent="2" string="[Running Time]  Time period simulated: 08:00:00 - 08:05:00."/>
<line indent="2" string="[Running Time]  Simulation ended at Wed Apr 12 15:41:08."/>
<line indent="2" string="[Running Time]  Run time for update of signal controllers: 290 completed in 0.012 seconds."/>
<line indent="2" string="[Running Time]  Average time factor: 5.54"/>
<line indent="2" string="[Trips]  207 trips were created for simulation."/>
<line indent="2" string="[Trips]  30 trips were still en route when the simulation ended."/>
<line indent="2" string="[Trips]  177 trips were successfully completed."/>
<line indent="2" string="[Trips]  12 paths used for Turning Movement Tables."/>
<line indent="2" string="[Running Time]  Run time for post-processing: 0.0 seconds."/>
<line indent="2" string="Wed Apr 12 15:41:27 -- Simulation started"/>
<line indent="2" string="[Input Files]  Simulation project: D:\Caliper Github\TsmAPIsExamples\Python\network\Tower Rd and 56th Ave.smp"/>
<line indent="2" string="[Input Files]  Network database: D:\Caliper Github\TsmAPIsExamples\Python\network\Tower Rd and 56th Ave"/>
<line indent="2" string="[Input Files]  Signal plans: Signal Timing.tms"/>
<line indent="2" string="[Input Files]  Trip tables: Volumes.bin"/>
<line indent="2" string="[Input Files]  Link trip table: Output\Scenario\Scenario link trips.bin"/>
<line indent="2" string="[Input Files]  Turning movement table: Volumes.bin"/>
<line indent="2" string="[Running Time]  Run time for initialization: 0.1 seconds."/>
<line indent="2" string="[Random Number Generator]  Simulation is randomized. Random number generator picked seed 1681328487."/>
<line indent="2" string="[Random Number Generator]  Seed transformation enabled (changed to 3388537883)."/>
<line indent="2" string="[Threads]  Number of routing threads: 20"/>
<line indent="2" string="[Threads]  Threading model: Median"/>
<line indent="2" string="[Threads]  Number of simulation threads: 20"/>
<line indent="2" string="[Random Number Generator]  The first random number is 693388072."/>
<line indent="2" string="[Status]  208 trips generated from 4 link trip records for time period between 08:00:00-08:05:00."/>
<line indent="2" string="[Trips]  208 trips generated from D:\Caliper Github\TsmAPIsExamples\Python\network\Volumes.bin."/>
<line string="[Version] TransModeler Dev, Build 6500,  64-bit"/>
<line string="[Version] Software Build Date: April 12, 2023"/>
<line indent="2" string="[Running Time]  Run time for generating trips and paths: 0.5 seconds."/>
<line indent="2" string="[Running Time]  Run time for simulation: 22385.0 seconds."/>
<line indent="2" string="[Running Time]  Time period simulated: 08:00:00 - 08:05:00."/>
<line indent="2" string="[Running Time]  Simulation ended at Wed Apr 12 15:41:46."/>
<line indent="2" string="[Running Time]  Run time for update of signal controllers: 215 completed in 0.008 seconds."/>
<line indent="2" string="[Running Time]  Average time factor: 16.69"/>
<line indent="2" string="[Trips]  208 trips were created for simulation."/>
<line indent="2" string="[Trips]  46 trips were still en route when the simulation ended."/>
<line indent="2" string="[Trips]  162 trips were successfully completed."/>
<line indent="2" string="[Trips]  12 paths used for Turning Movement Tables."/>
<line indent="2" string="[Running Time]  Run time for post-processing: 0.0 seconds."/>
<line indent="2" string="Tue Apr 18 15:26:33 -- Simulation started"/>
<line indent="2" string="[Input Files]  Simulation project: D:\Caliper Github\TsmAPIsExamples\Python\network\Tower Rd and 56th Ave.smp"/>
<line indent="2" string="[Input Files]  Network database: D:\Caliper Github\TsmAPIsExamples\Python\network\Tower Rd and 56th Ave"/>
<line indent="2" string="[Input Files]  Signal plans: Signal Timing.tms"/>
<line indent="2" string="[Input Files]  Trip tables: Volumes.bin"/>
<line indent="2" string="[Input Files]  Link trip table: Output\Scenario\Scenario link trips.bin"/>
<line indent="2" string="[Input Files]  Turning movement table: Volumes.bin"/>
<line indent="2" string="[Running Time]  Run time for initialization: 0.1 seconds."/>
<line indent="2" string="[Random Number Generator]  Simulation is randomized. Random number generator picked seed 1681845993."/>
<line indent="2" string="[Random Number Generator]  Seed transformation enabled (changed to 3497301053)."/>
<line indent="2" string="[Threads]  Number of routing threads: 20"/>
<line indent="2" string="[Threads]  Threading model: Median"/>
<line indent="2" string="[Threads]  Number of simulation threads: 20"/>
<line indent="2" string="[Random Number Generator]  The first random number is 4165356510."/>
<line indent="2" string="[Status]  207 trips generated from 4 link trip records for time period between 08:00:00-08:05:00."/>
<line indent="2" string="[Trips]  207 trips generated from D:\Caliper Github\TsmAPIsExamples\Python\network\Volumes.bin."/>
<line string="[Version] TransModeler Dev, Build 6500,  64-bit"/>
<line string="[Version] Software Build Date: April 17, 2023"/>
<line indent="2" string="[Running Time]  Run time for generating trips and paths: 0.5 seconds."/>
<line indent="2" string="Tue Apr 18 15:28:03 -- Simulation started"/>
<line indent="2" string="[Input Files]  Simulation project: D:\Caliper Github\TsmAPIsExamples\Python\network\Tower Rd and 56th Ave.smp"/>
<line indent="2" string="[Input Files]  Network database: D:\Caliper Github\TsmAPIsExamples\Python\network\Tower Rd and 56th Ave"/>
<line indent="2" string="[Input Files]  Signal plans: Signal Timing.tms"/>
<line indent="2" string="[Input Files]  Trip tables: Volumes.bin"/>
<line indent="2" string="[Input Files]  Link trip table: Output\Scenario\Scenario link trips.bin"/>
<line indent="2" string="[Input Files]  Turning movement table: Volumes.bin"/>
<line indent="2" string="[Running Time]  Run time for initialization: 0.1 seconds."/>
<line indent="2" string="[Random Number Generator]  Simulation is randomized. Random number generator picked seed 1681846083."/>
<line indent="2" string="[Random Number Generator]  Seed transformation enabled (changed to 991134894)."/>
<line indent="2" string="[Threads]  Number of routing threads: 20"/>
<line indent="2" string="[Threads]  Threading model: Median"/>
<line indent="2" string="[Threads]  Number of simulation threads: 20"/>
<line indent="2" string="[Random Number Generator]  The first random number is 3598908598."/>
<line indent="2" string="[Status]  208 trips generated from 4 link trip records for time period between 08:00:00-08:05:00."/>
<line indent="2" string="[Trips]  208 trips generated from D:\Caliper Github\TsmAPIsExamples\Python\network\Volumes.bin."/>
<line string="[Version] TransModeler Dev, Build 6500,  64-bit"/>
<line string="[Version] Software Build Date: April 17, 2023"/>
<line indent="2" string="[Running Time]  Run time for generating trips and paths: 0.5 seconds."/>
<line indent="2" string="[Running Time]  Run time for simulation: 48029.2 seconds."/>
<line indent="2" string="[Running Time]  Time period simulated: 08:00:00 - 08:05:00."/>
<line indent="2" string="[Running Time]  Simulation ended at Tue Apr 18 15:28:43."/>
<line indent="2" string="[Running Time]  Run time for update of signal controllers: 210 completed in 0.011 seconds."/>
<line indent="2" string="[Running Time]  Average time factor: 7.69"/>
<line indent="2" string="[Trips]  208 trips were created for simulation."/>
<line indent="2" string="[Trips]  43 trips were still en route when the simulation ended."/>
<line indent="2" string="[Trips]  165 trips were successfully completed."/>
<line indent="2" string="[Trips]  12 paths used for Turning Movement Tables."/>
<line indent="2" string="[Running Time]  Run time for post-processing: 0.0 seconds."/>
<line indent="2" string="Tue Apr 18 15:40:00 -- Simulation started"/>
<line indent="2" string="[Input Files]  Simulation project: D:\Caliper Github\TsmAPIsExamples\Python\network\Tower Rd and 56th Ave.smp"/>
<line indent="2" string="[Input Files]  Network database: D:\Caliper Github\TsmAPIsExamples\Python\network\Tower Rd and 56th Ave"/>
<line indent="2" string="[Input Files]  Signal plans: Signal Timing.tms"/>
<line indent="2" string="[Input Files]  Trip tables: Volumes.bin"/>
<line indent="2" string="[Input Files]  Link trip table: Output\Scenario\Scenario link trips.bin"/>
<line indent="2" string="[Input Files]  Turning movement table: Volumes.bin"/>
<line indent="2" string="[Running Time]  Run time for initialization: 0.1 seconds."/>
<line indent="2" string="[Random Number Generator]  Simulation is randomized. Random number generator picked seed 1681846800."/>
<line indent="2" string="[Random Number Generator]  Seed transformation enabled (changed to 2334397521)."/>
<line indent="2" string="[Threads]  Number of routing threads: 20"/>
<line indent="2" string="[Threads]  Threading model: Median"/>
<line indent="2" string="[Threads]  Number of simulation threads: 20"/>
<line indent="2" string="[Random Number Generator]  The first random number is 3480619980."/>
<line indent="2" string="[Status]  208 trips generated from 4 link trip records for time period between 08:00:00-08:05:00."/>
<line indent="2" string="[Trips]  208 trips generated from D:\Caliper Github\TsmAPIsExamples\Python\network\Volumes.bin."/>
<line string="[Version] TransModeler Dev, Build 6500,  64-bit"/>
<line string="[Version] Software Build Date: April 17, 2023"/>
<line indent="2" string="[Running Time]  Run time for generating trips and paths: 0.5 seconds."/>
<line indent="2" string="Tue Apr 18 15:42:27 -- Simulation started"/>
<line indent="2" string="[Input Files]  Simulation project: D:\Caliper Github\TsmAPIsExamples\Python\network\Tower Rd and 56th Ave.smp"/>
<line indent="2" string="[Input Files]  Network database: D:\Caliper Github\TsmAPIsExamples\Python\network\Tower Rd and 56th Ave"/>
<line indent="2" string="[Input Files]  Signal plans: Signal Timing.tms"/>
<line indent="2" string="[Input Files]  Trip tables: Volumes.bin"/>
<line indent="2" string="[Input Files]  Link trip table: Output\Scenario\Scenario link trips.bin"/>
<line indent="2" string="[Input Files]  Turning movement table: Volumes.bin"/>
<line indent="2" string="[Running Time]  Run time for initialization: 0.1 seconds."/>
<line indent="2" string="[Random Number Generator]  Simulation is randomized. Random number generator picked seed 1681846947."/>
<line indent="2" string="[Random Number Generator]  Seed transformation enabled (changed to 961720928)."/>
<line indent="2" string="[Threads]  Number of routing threads: 20"/>
<line indent="2" string="[Threads]  Threading model: Median"/>
<line indent="2" string="[Threads]  Number of simulation threads: 20"/>
<line indent="2" string="[Random Number Generator]  The first random number is 1880483490."/>
<line indent="2" string="[Status]  208 trips generated from 4 link trip records for time period between 08:00:00-08:05:00."/>
<line indent="2" string="[Trips]  208 trips generated from D:\Caliper Github\TsmAPIsExamples\Python\network\Volumes.bin."/>
<line string="[Version] TransModeler Dev, Build 6500,  64-bit"/>
<line string="[Version] Software Build Date: April 17, 2023"/>
<line indent="2" string="[Running Time]  Run time for generating trips and paths: 0.5 seconds."/>
<line indent="2" string="[Running Time]  Time period simulated: 08:00:00 - 08:01:01."/>
<line indent="2" string="[Running Time]  Simulation ended at Tue Apr 18 15:43:39."/>
<line indent="2" string="[Running Time]  Run time for update of signal controllers: 37 completed in 0.001 seconds."/>
<line indent="2" string="[Running Time]  Average time factor: 0.85"/>
<line indent="2" string="Tue Apr 18 15:43:48 -- Simulation started"/>
<line indent="2" string="[Input Files]  Simulation project: D:\Caliper Github\TsmAPIsExamples\Python\network\Tower Rd and 56th Ave.smp"/>
<line indent="2" string="[Input Files]  Network database: D:\Caliper Github\TsmAPIsExamples\Python\network\Tower Rd and 56th Ave"/>
<line indent="2" string="[Input Files]  Signal plans: Signal Timing.tms"/>
<line indent="2" string="[Input Files]  Trip tables: Volumes.bin"/>
<line indent="2" string="[Input Files]  Link trip table: Output\Scenario\Scenario link trips.bin"/>
<line indent="2" string="[Input Files]  Turning movement table: Volumes.bin"/>
<line indent="2" string="[Running Time]  Run time for initialization: 0.1 seconds."/>
<line indent="2" string="[Random Number Generator]  Simulation is randomized. Random number generator picked seed 1681847028."/>
<line indent="2" string="[Random Number Generator]  Seed transformation enabled (changed to 883276117)."/>
<line indent="2" string="[Threads]  Number of routing threads: 20"/>
<line indent="2" string="[Threads]  Threading model: Median"/>
<line indent="2" string="[Threads]  Number of simulation threads: 20"/>
<line indent="2" string="[Random Number Generator]  The first random number is 1939874324."/>
<line indent="2" string="[Status]  208 trips generated from 4 link trip records for time period between 08:00:00-08:05:00."/>
<line indent="2" string="[Trips]  208 trips generated from D:\Caliper Github\TsmAPIsExamples\Python\network\Volumes.bin."/>
<line string="[Version] TransModeler Dev, Build 6500,  64-bit"/>
<line string="[Version] Software Build Date: April 17, 2023"/>
<line indent="2" string="[Running Time]  Run time for generating trips and paths: 0.5 seconds."/>
<line indent="2" string="[Running Time]  Run time for simulation: 124894.6 seconds."/>
<line indent="2" string="[Running Time]  Time period simulated: 08:00:00 - 08:05:00."/>
<line indent="2" string="[Running Time]  Simulation ended at Tue Apr 18 15:44:58."/>
<line indent="2" string="[Running Time]  Run time for update of signal controllers: 196 completed in 0.012 seconds."/>
<line indent="2" string="[Running Time]  Average time factor: 4.35"/>
<line indent="2" string="[Trips]  208 trips were created for simulation."/>
<line indent="2" string="[Trips]  44 trips were still en route when the simulation ended."/>
<line indent="2" string="[Trips]  164 trips were successfully completed."/>
<line indent="2" string="[Trips]  12 paths used for Turning Movement Tables."/>
<line indent="2" string="[Running Time]  Run time for post-processing: 0.0 seconds."/>
<line indent="2" string="Tue Apr 18 22:18:56 -- Simulation started"/>
<line indent="2" string="[Input Files]  Simulation project: D:\Caliper Github\TsmAPIsExamples\Python\network\Tower Rd and 56th Ave.smp"/>
<line indent="2" string="[Input Files]  Network database: D:\Caliper Github\TsmAPIsExamples\Python\network\Tower Rd and 56th Ave"/>
<line indent="2" string="[Input Files]  Signal plans: Signal Timing.tms"/>
<line indent="2" string="[Input Files]  Trip tables: Volumes.bin"/>
<line indent="2" string="[Input Files]  Link trip table: Output\Scenario\Scenario link trips.bin"/>
<line indent="2" string="[Input Files]  Turning movement table: Volumes.bin"/>
<line indent="2" string="[Running Time]  Run time for initialization: 0.0 seconds."/>
<line indent="2" string="[Random Number Generator]  Simulation is randomized. Random number generator picked seed 1681870736."/>
<line indent="2" string="[Random Number Generator]  Seed transformation enabled (changed to 2564091666)."/>
<line indent="2" string="[Threads]  Number of routing threads: 20"/>
<line indent="2" string="[Threads]  Threading model: Median"/>
<line indent="2" string="[Threads]  Number of simulation threads: 20"/>
<line indent="2" string="[Random Number Generator]  The first random number is 652841386."/>
<line indent="2" string="[Status]  206 trips generated from 4 link trip records for time period between 08:00:00-08:05:00."/>
<line indent="2" string="[Trips]  206 trips generated from D:\Caliper Github\TsmAPIsExamples\Python\network\Volumes.bin."/>
<line string="[Version] TransModeler 7, Build 10000,  64-bit"/>
<line string="[Version] Software Build Date: April 11, 2023"/>
<line indent="2" string="[Running Time]  Run time for generating trips and paths: 0.4 seconds."/>
<line indent="2" string="Tue Apr 18 22:20:16 -- Simulation started"/>
<line indent="2" string="[Input Files]  Simulation project: D:\Caliper Github\TsmAPIsExamples\Python\network\Tower Rd and 56th Ave.smp"/>
<line indent="2" string="[Input Files]  Network database: D:\Caliper Github\TsmAPIsExamples\Python\network\Tower Rd and 56th Ave"/>
<line indent="2" string="[Input Files]  Signal plans: Signal Timing.tms"/>
<line indent="2" string="[Input Files]  Trip tables: Volumes.bin"/>
<line indent="2" string="[Input Files]  Link trip table: Output\Scenario\Scenario link trips.bin"/>
<line indent="2" string="[Input Files]  Turning movement table: Volumes.bin"/>
<line indent="2" string="[Running Time]  Run time for initialization: 0.0 seconds."/>
<line indent="2" string="[Random Number Generator]  Simulation is randomized. Random number generator picked seed 1681870816."/>
<line indent="2" string="[Random Number Generator]  Seed transformation enabled (changed to 1977203041)."/>
<line indent="2" string="[Threads]  Number of routing threads: 20"/>
<line indent="2" string="[Threads]  Threading model: Median"/>
<line indent="2" string="[Threads]  Number of simulation threads: 20"/>
<line indent="2" string="[Random Number Generator]  The first random number is 3550465429."/>
<line indent="2" string="[Status]  207 trips generated from 4 link trip records for time period between 08:00:00-08:05:00."/>
<line indent="2" string="[Trips]  207 trips generated from D:\Caliper Github\TsmAPIsExamples\Python\network\Volumes.bin."/>
<line string="[Version] TransModeler 7, Build 10000,  64-bit"/>
<line string="[Version] Software Build Date: April 11, 2023"/>
<line indent="2" string="[Running Time]  Run time for generating trips and paths: 0.3 seconds."/>
<line indent="2" string="Tue Apr 18 23:49:07 -- Simulation started"/>
<line indent="2" string="[Input Files]  Simulation project: D:\Caliper Github\TsmAPIsExamples\Python\network\Tower Rd and 56th Ave.smp"/>
<line indent="2" string="[Input Files]  Network database: D:\Caliper Github\TsmAPIsExamples\Python\network\Tower Rd and 56th Ave"/>
<line indent="2" string="[Input Files]  Signal plans: Signal Timing.tms"/>
<line indent="2" string="[Input Files]  Trip tables: Volumes.bin"/>
<line indent="2" string="[Input Files]  Link trip table: Output\Scenario\Scenario link trips.bin"/>
<line indent="2" string="[Input Files]  Turning movement table: Volumes.bin"/>
<line indent="2" string="[Running Time]  Run time for initialization: 0.0 seconds."/>
<line indent="2" string="[Random Number Generator]  Simulation is randomized. Random number generator picked seed 1681876147."/>
<line indent="2" string="[Random Number Generator]  Seed transformation enabled (changed to 2666937305)."/>
<line indent="2" string="[Threads]  Number of routing threads: 20"/>
<line indent="2" string="[Threads]  Threading model: Median"/>
<line indent="2" string="[Threads]  Number of simulation threads: 20"/>
<line indent="2" string="[Random Number Generator]  The first random number is 1846811075."/>
<line indent="2" string="[Status]  208 trips generated from 4 link trip records for time period between 08:00:00-08:05:00."/>
<line indent="2" string="[Trips]  208 trips generated from D:\Caliper Github\TsmAPIsExamples\Python\network\Volumes.bin."/>
<line string="[Version] TransModeler 7, Build 10000,  64-bit"/>
<line string="[Version] Software Build Date: April 18, 2023"/>
<line indent="2" string="[Running Time]  Run time for generating trips and paths: 0.5 seconds."/>
<line indent="2" string="[Running Time]  Run time for simulation: 11248.2 seconds."/>
<line indent="2" string="[Running Time]  Time period simulated: 08:00:00 - 08:05:00."/>
<line indent="2" string="[Running Time]  Simulation ended at Tue Apr 18 23:49:17."/>
<line indent="2" string="[Running Time]  Run time for update of signal controllers: 212 completed in 0.003 seconds."/>
<line indent="2" string="[Running Time]  Average time factor: 32.63"/>
<line indent="2" string="[Trips]  208 trips were created for simulation."/>
<line indent="2" string="[Trips]  43 trips were still en route when the simulation ended."/>
<line indent="2" string="[Trips]  165 trips were successfully completed."/>
<line indent="2" string="[Trips]  12 paths used for Turning Movement Tables."/>
<line indent="2" string="[Running Time]  Run time for post-processing: 0.0 seconds."/>
<line indent="2" string="Wed Apr 19 09:51:54 -- Simulation started"/>
<line indent="2" string="[Input Files]  Simulation project: D:\Caliper Github\TsmAPIsExamples\Python\network\Tower Rd and 56th Ave.smp"/>
<line indent="2" string="[Input Files]  Network database: D:\Caliper Github\TsmAPIsExamples\Python\network\Tower Rd and 56th Ave"/>
<line indent="2" string="[Input Files]  Signal plans: Signal Timing.tms"/>
<line indent="2" string="[Input Files]  Trip tables: Volumes.bin"/>
<line indent="2" string="[Input Files]  Link trip table: Output\Scenario\Scenario link trips.bin"/>
<line indent="2" string="[Input Files]  Turning movement table: Volumes.bin"/>
<line indent="2" string="[Running Time]  Run time for initialization: 0.1 seconds."/>
<line indent="2" string="[Random Number Generator]  Simulation is randomized. Random number generator picked seed 1681912314."/>
<line indent="2" string="[Random Number Generator]  Seed transformation enabled (changed to 1587586892)."/>
<line indent="2" string="[Threads]  Number of routing threads: 20"/>
<line indent="2" string="[Threads]  Threading model: Median"/>
<line indent="2" string="[Threads]  Number of simulation threads: 20"/>
<line indent="2" string="[Random Number Generator]  The first random number is 1146912109."/>
<line indent="2" string="[Status]  207 trips generated from 4 link trip records for time period between 08:00:00-08:05:00."/>
<line indent="2" string="[Trips]  207 trips generated from D:\Caliper Github\TsmAPIsExamples\Python\network\Volumes.bin."/>
<line string="[Version] TransModeler Dev, Build 6500,  64-bit"/>
<line string="[Version] Software Build Date: April 17, 2023"/>
<line indent="2" string="[Running Time]  Run time for generating trips and paths: 0.6 seconds."/>
<line indent="2" string="[Running Time]  Run time for simulation: 36.4 seconds."/>
<line indent="2" string="[Running Time]  Time period simulated: 08:00:00 - 08:05:00."/>
<line indent="2" string="[Running Time]  Simulation ended at Wed Apr 19 09:52:31."/>
<line indent="2" string="[Running Time]  Run time for update of signal controllers: 202 completed in 0.012 seconds."/>
<line indent="2" string="[Running Time]  Average time factor: 8.24"/>
<line indent="2" string="[Trips]  207 trips were created for simulation."/>
<line indent="2" string="[Trips]  34 trips were still en route when the simulation ended."/>
<line indent="2" string="[Trips]  173 trips were successfully completed."/>
<line indent="2" string="[Trips]  12 paths used for Turning Movement Tables."/>
<line indent="2" string="[Running Time]  Run time for post-processing: 0.0 seconds."/>
<line indent="2" string="Sun Apr 30 09:02:23 -- Simulation started"/>
<line indent="2" string="[Input Files]  Simulation project: D:\Caliper Github\TsmAPIsExamples\Python\network\Tower Rd and 56th Ave.smp"/>
<line indent="2" string="[Input Files]  Network database: D:\Caliper Github\TsmAPIsExamples\Python\network\Tower Rd and 56th Ave"/>
<line indent="2" string="[Input Files]  Signal plans: Signal Timing.tms"/>
<line indent="2" string="[Input Files]  Trip tables: Volumes.bin"/>
<line indent="2" string="[Input Files]  Link trip table: Output\Scenario\Scenario link trips.bin"/>
<line indent="2" string="[Input Files]  Turning movement table: Volumes.bin"/>
<line indent="2" string="[Running Time]  Run time for initialization: 0.1 seconds."/>
<line indent="2" string="[Random Number Generator]  Simulation is randomized. Random number generator picked seed 1682859743."/>
<line indent="2" string="[Random Number Generator]  Seed transformation enabled (changed to 3955265200)."/>
<line indent="2" string="[Threads]  Number of routing threads: 20"/>
<line indent="2" string="[Threads]  Threading model: Median"/>
<line indent="2" string="[Threads]  Number of simulation threads: 20"/>
<line indent="2" string="[Random Number Generator]  The first random number is 3646874870."/>
<line indent="2" string="[Status]  207 trips generated from 4 link trip records for time period between 08:00:00-08:05:00."/>
<line indent="2" string="[Trips]  207 trips generated from D:\Caliper Github\TsmAPIsExamples\Python\network\Volumes.bin."/>
<line string="[Version] TransModeler Dev, Build 6500,  64-bit"/>
<line string="[Version] Software Build Date: April 17, 2023"/>
<line indent="2" string="[Running Time]  Run time for generating trips and paths: 0.9 seconds."/>
<line indent="2" string="[Running Time]  Run time for simulation: 13.3 seconds."/>
<line indent="2" string="[Running Time]  Time period simulated: 08:00:00 - 08:05:00."/>
<line indent="2" string="[Running Time]  Simulation ended at Sun Apr 30 09:02:37."/>
<line indent="2" string="[Running Time]  Run time for update of signal controllers: 222 completed in 0.012 seconds."/>
<line indent="2" string="[Running Time]  Average time factor: 22.46"/>
<line indent="2" string="[Trips]  207 trips were created for simulation."/>
<line indent="2" string="[Trips]  36 trips were still en route when the simulation ended."/>
<line indent="2" string="[Trips]  171 trips were successfully completed."/>
<line indent="2" string="[Trips]  12 paths used for Turning Movement Tables."/>
<line indent="2" string="[Running Time]  Run time for post-processing: 0.0 seconds."/>
<line indent="2" string="Sun Apr 30 09:02:45 -- Simulation started"/>
<line indent="2" string="[Input Files]  Simulation project: D:\Caliper Github\TsmAPIsExamples\Python\network\Tower Rd and 56th Ave.smp"/>
<line indent="2" string="[Input Files]  Network database: D:\Caliper Github\TsmAPIsExamples\Python\network\Tower Rd and 56th Ave"/>
<line indent="2" string="[Input Files]  Signal plans: Signal Timing.tms"/>
<line indent="2" string="[Input Files]  Trip tables: Volumes.bin"/>
<line indent="2" string="[Input Files]  Link trip table: Output\Scenario\Scenario - Link Trips.bin"/>
<line indent="2" string="[Input Files]  Turning movement table: Volumes.bin"/>
<line indent="2" string="[Running Time]  Run time for initialization: 0.1 seconds."/>
<line indent="2" string="[Random Number Generator]  Simulation is randomized. Random number generator picked seed 1682859765."/>
<line indent="2" string="[Random Number Generator]  Seed transformation enabled (changed to 2946032215)."/>
<line indent="2" string="[Threads]  Number of routing threads: 20"/>
<line indent="2" string="[Threads]  Threading model: Median"/>
<line indent="2" string="[Threads]  Number of simulation threads: 20"/>
<line indent="2" string="[Random Number Generator]  The first random number is 3404253145."/>
<line indent="2" string="[Status]  207 trips generated from 4 link trip records for time period between 08:00:00-08:05:00."/>
<line indent="2" string="[Trips]  207 trips generated from D:\Caliper Github\TsmAPIsExamples\Python\network\Volumes.bin."/>
<line string="[Version] TransModeler Dev, Build 6500,  64-bit"/>
<line string="[Version] Software Build Date: April 17, 2023"/>
<line indent="2" string="[Running Time]  Run time for generating trips and paths: 0.6 seconds."/>
<line indent="2" string="[Running Time]  Time period simulated: 08:00:00 - 08:00:52."/>
<line indent="2" string="[Running Time]  Simulation ended at Sun Apr 30 09:03:23."/>
<line indent="2" string="[Running Time]  Run time for update of signal controllers: 39 completed in 0.003 seconds."/>
<line indent="2" string="[Running Time]  Average time factor: 1.40"/>
</TCLog>
